"keys","nl"
"CA_CATITLE","Kampioenschap stuntrally"
"CAERRTI","Ongeschikte baan"
"CAFREEFM","Dit is geen geschikte baan"
"CN_CLSCANCEL","Annuleren"
"CN_CLSDELETE","Baan verwijderen"
"CN_CLSLOAD","Baan laden"
"CN_CLSSAVE","Baan opslaan"
"CN_CLSTITLE","Baan laden of opslaan"
"CN_CNSVCNT2","De baan die je gebruikte, is niet opgeslagen. Als je een nieuwe baan laadt, raak je de veranderingen aan de vorige baan kwijt. Wil je toch doorgaan?"
"CN_CNSVCNTL","Baan niet opgeslagen!"
"CN_CNSVCNTX","De baan die je gebruikte, is niet opgeslagen. Wil je toch doorgaan?"
"CN_EXITTX","Spatiebalk voor afsluiten"
"CN_NEWTRACK","Nieuwe baan"
"CS_CSTFLAM2","Vorige woestijnkampioen"
"CS_CSTFLAMB","Woestijnkampioen"
"CS_CSTGLAC2","Vorige poolkampioen"
"CS_CSTGLACI","Poolkampioen"
"CS_CSTMRX","Wereldkampioen"
"CS_CSTMRX2","Vorige wereldkampioen"
"CS_CSTRADI2","Vorige stadskampioen"
"CS_CSTRADIU","Stadskampioen"
"CS_CSTSNAK2","Vorige junglekampioen"
"CS_CSTSNAKE","Junglekampioen"
"CSTITLE","Kies een coureur"
"CSTITLE1","Speler 1: kies een coureur"
"CSTITLE2","Speler 2: kies een coureur"
"CSTITLE3","Speler 3: kies een coureur"
"CSTITLE4","Speler 4: kies een coureur"
"CTTITLE","Bedieningsopties"
"CW_CW16X16MAP","Zone voor een speler"
"CW_CW8X8MAP","Voor meerdere spelers"
"CW_CWCANCEL","Annuleren"
"CW_CWTITLE","Een nieuwe zone beginnen"
"DIBARNEY","Barney"
"DIBRAD","Brad Speedo"
"DICHIP","Chip"
"DIFLAMBO","Baron Flambo"
"DIGLACIA","Glacia"
"DILUCKY","Lucky"
"DIMEGAHU","Mega Hurtz"
"DIMRX","Mr X"
"DIRADIUM","Radium"
"DISANDY","Sandy Surf"
"DISID","Sid Vacant"
"DISNAKE","Snake"
"DISUBARN","-- placeholder --
Barney Info"
"DISUBRAD","-- placeholder --
Brad Speedo Info
(Has a really nice looking car!)"
"DISUCHIP","-- placeholder --
Chip Info"
"DISUFLAM","-- placeholder --
Car: Mean Machine
Home: Dark City
Loves: Cheating
Hates: Losing and Cherubs
Hobbies: Creating evil plans
Style: Dangerous
Special: Flaming exhaust"
"DISUGLAC","-- placeholder --
Glacia Info"
"DISULUCK","-- placeholder --
Lucky Info"
"DISUMEGA","-- placeholder --
Mega Hurtz Info"
"DISUMRX","-- placeholder --
Mr X Info"
"DISURADI","-- placeholder --
Radium Info"
"DISUSAND","-- placeholder --
Sandy Surf Info"
"DISUSID","-- placeholder --
Sid Info"
"DISUSNAK","-- placeholder --
Snake Info"
"DISUWREN","-- placeholder --
Wrench Info"
"DIWRENCH","Wrench"
"ER_ERTEXT","Wil je deze race nog eens doen?"
"ER_ERTITLE","Race nog eens spelen?"
"IR_IRRACEOVER","Einde race"
"IR_IRWINNER","W i n n a a r"
"LOCAL3_EXTRAS_BDPRNTTL","Fout bij afdrukken"
"LOCAL3_EXTRAS_BDPRNTTX","Afdrukken mislukt. Controleer de printer"
"LOCAL3_EXTRAS_CONDELTL","Baan verwijderen bevestigen"
"LOCAL3_EXTRAS_CONDELTX","Weet je zeker dat je deze baan wilt verwijderen?"
"LOCAL3_EXTRAS_CONSAFTL","Baan opgeslagen"
"LOCAL3_EXTRAS_CONSAFTX","Je baan is opgeslagen"
"LOCAL3_EXTRAS_FNPRINTTTL","Afdrukken beëindigd"
"LOCAL3_EXTRAS_FNPRINTTTX","Het afdrukken is beëindigd"
"LOCAL3_EXTRAS_PRINTINTL","Bezig met afdrukken"
"LOCAL3_EXTRAS_PRINTINTX","LEGO Stunt Rally is bezig met het uitvoeren van een afdruktaak"
"LOCAL4_LSBDLDTL","Laadfout"
"LOCAL4_LSBDLDTX","Stuntrally kan niet laden vanaf de schijf. Controleer de schijf."
"LOCAL4_LSDLERTL","Verwijderen mislukt"
"LOCAL4_LSDLERTX","Kan deze baan niet verwijderen. Controleer of de schijf of het bestand tegen schrijven is beveiligd."
"LS_CLSTEXT","Do you wish to LOAD or SAVE a track?"
"LS_CLSTITLE","Load Or Save"
"LS_LDFTEXT","Weet je zeker dat je deze racebaan wilt verwijderen?"
"LS_LDFTITLE","Verwijderen racebaan bevestigen"
"LS_LSETEXT","LEGO Stuntrally kan je racebaan niet opslaan. Controleer de schijf."
"LS_LSETITLE","Opslaan mislukt!"
"LS_LSLCITY","LStad"
"LS_LSLDESERT","Lzand"
"LS_LSLICE","Lpool"
"LS_LSLJUNGLE","Ljungle"
"LS_LSOTEXT","Er bestaat al een racebaan met deze naam. Wil je dat bestand overschrijven?"
"LS_LSOTITLE","Bevestiging overschrijven baan"
"LS_LSSCITY","SStad"
"LS_LSSDESERT","Szand"
"LS_LSSICE","Spool"
"LS_LSSJUNGLE","Sjungle"
"MM_MMCONSTR","Constructie"
"MM_MMQUTTTL","LEGO Stuntrally afsluiten"
"MM_MMQUTTXT","Weet je zeker dat je het spel wilt afsluiten?"
"MM_MMRACE","Racen"
"MPTITLE","Aantal spelers"
"OP_OPBALANCE","Volume muziek"
"OP_OPCNTRTL","Bedieningsconflict"
"OP_OPCNTRTX","Meerdere spelers hebben dezelfde bedieningswjize gekregen. Kies de bedieningswijze opnieuw."
"OP_OPEFFECTS","Video-effecten"
"OP_OPPLAYER1","Speler 1"
"OP_OPPLAYER2","Speler 2"
"OP_OPPLAYER3","Speler 3"
"OP_OPPLAYER4","Speler 4"
"OP_OPRESCHNG","Een ogenblik geduld. LEGO Stuntrally wordt opnieuw opgestart."
"OP_OPRESOLUTION","Resolutie"
"OP_OPRESTL","Resolutie wijzigen"
"OP_OPTITLE","Spelopties"
"OP_OPVOLUME","Vol. geluidseffecten"
"OP_RESFAILTL","Fout bij wijzigen resolutie"
"OP_RESFAILTX","Sorry, LEGO Stuntrally ondersteunt de schermresolutie 800 x 600 niet op deze computer."
"OTHER_HEADIN3P","Kan de racebaan niet laden"
"OTHER_IRDEMOMD","Demonstratie"
"OTHER_MULTI3P","Deze racebaan kan niet worden geladen in de constructiemodus. Ze bevat LEGO die je nog niet hebt gewonnen. Je kunt deze baan alleen in een race voor meerdere spelers gebruiken."
"OTHER_NOTRAKTL","Er zijn geen banen gevonden"
"OTHER_NOTRAKTX","Er bevinden zich geen LEGO Stuntrallybanen op deze schijf"
"OTHER_SINGLE3P","Deze racebaan kan niet worden geladen in de constructiemodus. Ze bevat LEGO die je nog niet hebt gewonnen. Je kunt deze baan alleen in een race voor één speler gebruiken."
"PRCOMPUT","Computer"
"PRPLAYER","Speler"
"PRPLYR1","Speler 1"
"PRPLYR2","Speler 2"
"PRPLYR3","Speler 3"
"PRPLYR4","Speler 4"
"PRTITLE","Klaar voor de start"
"RACEMENU_PAUSECAP","Game Paused"
"RACEMENU_PAUSETEX","Do You Want It To Stop ?"
"RACEMENU_RERUNCAP","End of race"
"RACEMENU_RERUNTEX","Press x to quit, tick to retry"
"RM_RMCAMP","Kampioenschap"
"RM_RMMULTI","Meerdere spelers"
"RM_RMQUICK","Snelle race"
"RM_RMSINGLE","Een speler"
"RM_RMTITLE","Race kiezen"
"RO_ROCANCEL","Terug naar race"
"RO_ROQUIT","Race afsluiten"
"RO_RORESTART","Race opnieuw starten"
"RO_ROTITLE","Raceopties"
"TSTITLE","Kies een racebaan"
"WSTITLE","Kies een auto"
"WSTITLE1","Speler 1: kies een auto"
"WSTITLE2","Speler 2: kies een auto"
"WSTITLE3","Speler 3: kies een auto"
"WSTITLE4","Speler 4: kies een auto"
"WSTNEXT","Next Player..."
