"keys","sv"
"CA_CATITLE","Mästerskap i Stunt-Rally"
"CAERRTI","Kampanjfel"
"CAFREEFM","Det här banan är inte giltig"
"CN_CLSCANCEL","Avbryt"
"CN_CLSDELETE","Ta bort bana"
"CN_CLSLOAD","Ladda bana"
"CN_CLSSAVE","Spara bana"
"CN_CLSTITLE","Ladda eller spara bana"
"CN_CNSVCNT2","Din aktuella bana har inte sparats. Om du laddar en ny bana kommer alla ändringar till den aktuella banan att gå förlorade. Vill du fortsätta?"
"CN_CNSVCNTL","Banan har inte sparats!"
"CN_CNSVCNTX","Din aktuella bana har inte sparats. Vill du fortsätta?"
"CN_EXITTX","Tryck på blanksteg för att avsluta"
"CN_NEWTRACK","Ny bana"
"CS_CSTFLAM2","F.d. ökenmästare"
"CS_CSTFLAMB","Ökenmästare"
"CS_CSTGLAC2","F.d. arktisk mästare"
"CS_CSTGLACI","Arktisk mästare"
"CS_CSTMRX","Världsmästare"
"CS_CSTMRX2","F.d världsmästare"
"CS_CSTRADI2","F.d. storstadsmästare"
"CS_CSTRADIU","Storstadsmästare"
"CS_CSTSNAK2","F.d. djungelmästare"
"CS_CSTSNAKE","Djungelmästare"
"CSTITLE","Välj figur"
"CSTITLE1","Spelare 1: Välj figur"
"CSTITLE2","Spelare 2: Välj figur"
"CSTITLE3","Spelare 3: Välj figur"
"CSTITLE4","Spelare 4: Välj figur"
"CTTITLE","Kontrollalternativ"
"CW_CW16X16MAP","Karta för en spelare"
"CW_CW8X8MAP","Karta för flera spelare"
"CW_CWCANCEL","Avbryt"
"CW_CWTITLE","Starta en ny karta"
"DIBARNEY","Barney"
"DIBRAD","Brad Speedo"
"DICHIP","Chip"
"DIFLAMBO","Baron Flambo"
"DIGLACIA","Glacia"
"DILUCKY","Lucky"
"DIMEGAHU","Mega Hurtz"
"DIMRX","Herr X"
"DIRADIUM","Radium"
"DISANDY","Sandy Surf"
"DISID","Sid Vacant"
"DISNAKE","Snake"
"DISUBARN","-- placeholder --
Barney Info"
"DISUBRAD","-- placeholder --
Brad Speedo Info
(Has a really nice looking car!)"
"DISUCHIP","-- placeholder --
Chip Info"
"DISUFLAM","-- placeholder --
Car: Mean Machine
Home: Dark City
Loves: Cheating
Hates: Losing and Cherubs
Hobbies: Creating evil plans
Style: Dangerous
Special: Flaming exhaust"
"DISUGLAC","-- placeholder --
Glacia Info"
"DISULUCK","-- placeholder --
Lucky Info"
"DISUMEGA","-- placeholder --
Mega Hurtz Info"
"DISUMRX","-- placeholder --
Mr X Info"
"DISURADI","-- placeholder --
Radium Info"
"DISUSAND","-- placeholder --
Sandy Surf Info"
"DISUSID","-- placeholder --
Sid Info"
"DISUSNAK","-- placeholder --
Snake Info"
"DISUWREN","-- placeholder --
Wrench Info"
"DIWRENCH","Wrench"
"ER_ERTEXT","Vill du köra loppet igen?"
"ER_ERTITLE","Köra loppet igen?"
"IR_IRRACEOVER","Racerloppet är avslutat"
"IR_IRWINNER","Vinnare"
"LOCAL3_EXTRAS_BDPRNTTL","Fel i utskrift"
"LOCAL3_EXTRAS_BDPRNTTX","Det gick inte att skriva ut. Kontrollera skrivaren."
"LOCAL3_EXTRAS_CONDELTL","Bekräfta banborttagning"
"LOCAL3_EXTRAS_CONDELTX","Vill du ta bort banan permanent?"
"LOCAL3_EXTRAS_CONSAFTL","Banan är sparad"
"LOCAL3_EXTRAS_CONSAFTX","Din bana är nu sparad"
"LOCAL3_EXTRAS_FNPRINTTTL","Utskrift klar"
"LOCAL3_EXTRAS_FNPRINTTTX","Utskriften är klar."
"LOCAL3_EXTRAS_PRINTINTL","Utskrift pågår"
"LOCAL3_EXTRAS_PRINTINTX","Vänta medan Lego Stuntrally gör klart utskriften."
"LOCAL4_LSBDLDTL","Laddningsfel"
"LOCAL4_LSBDLDTX","Stunt Rally laddades inte från skivan. Kontrollera skivan'"
"LOCAL4_LSDLERTL","Raderingsfel"
"LOCAL4_LSDLERTX","Kan inte radera banan. Se om skivan eller filen är skrivskyddad."
"LS_CLSTEXT","Do you wish to LOAD or SAVE a track?"
"LS_CLSTITLE","Load Or Save"
"LS_LDFTEXT","Vill du ta bort denna bana?"
"LS_LDFTITLE","Bekräfta borttagning av banan"
"LS_LSETEXT","LEGO Stunt Rally kunde inte spara din bana. Kontrollera din hårddisk."
"LS_LSETITLE","Banan kunde inte sparas!"
"LS_LSLCITY","LStorstad"
"LS_LSLDESERT","LÖken"
"LS_LSLICE","LArktisk"
"LS_LSLJUNGLE","LDjungel"
"LS_LSOTEXT","Det finns redan en bana med det namnet. Vill du ersätta den filen?"
"LS_LSOTITLE","Bekräfta ersättning av banan"
"LS_LSSCITY","SStorstad"
"LS_LSSDESERT","SÖken"
"LS_LSSICE","SArktisk"
"LS_LSSJUNGLE","SDjungel"
"MM_MMCONSTR","Konstruktion"
"MM_MMQUTTTL","Avsluta LEGO Stunt Rally"
"MM_MMQUTTXT","Vill du avsluta spelet?"
"MM_MMRACE","Racertävling"
"MPTITLE","Antal spelare"
"OP_OPBALANCE","Musikvolym"
"OP_OPCNTRTL","Kontrollkonflikt"
"OP_OPCNTRTX","Mer än en spelare har tilldelats samma kontroll. Välj kontroller igen."
"OP_OPEFFECTS","Videoeffekter"
"OP_OPPLAYER1","Spelare1"
"OP_OPPLAYER2","Spelare2"
"OP_OPPLAYER3","Spelare3"
"OP_OPPLAYER4","Spelare4"
"OP_OPRESCHNG","Vänta en liten stund medan LEGO Stunt Rally startas om."
"OP_OPRESOLUTION","Upplösning"
"OP_OPRESTL","Ändra upplösningen"
"OP_OPTITLE","Spelalternativ"
"OP_OPVOLUME","Ljudeffektsvolym"
"OP_RESFAILTL","Fel vid ändring av upplösning"
"OP_RESFAILTX","LEGO Stunt Rally stöder inte datorns skärmupplösning på 800 x 600"
"OTHER_HEADIN3P","Det gick inte att läsa in banan"
"OTHER_IRDEMOMD","Demo-läge"
"OTHER_MULTI3P","Denna bana kan tyvärr inte läsas in i konstruktionen eftersom den består av LEGO som du ännu inte har vunnit. Du kan endast köra på denna bana om du läser in den i ett spel för flera spelare."
"OTHER_NOTRAKTL","Ingen bana hittades"
"OTHER_NOTRAKTX","Det finns tyvärr inga LEGO Stunt Rally-banor på denna disk"
"OTHER_SINGLE3P","Denna bana kan tyvärr inte läsas in i konstruktionen eftersom den består av LEGO som du ännu inte har vunnit. Du kan endast köra på denna bana om du läser in den i ett spel för en spelare."
"PRCOMPUT","Dator"
"PRPLAYER","Spelare"
"PRPLYR1","Spelare 1"
"PRPLYR2","Spelare 2"
"PRPLYR3","Spelare 3"
"PRPLYR4","Spelare 4"
"PRTITLE","Redo att starta racerloppet"
"RACEMENU_PAUSECAP","Game Paused"
"RACEMENU_PAUSETEX","Do You Want It To Stop ?"
"RACEMENU_RERUNCAP","End of race"
"RACEMENU_RERUNTEX","Press x to quit, tick to retry"
"RM_RMCAMP","Mästerskap"
"RM_RMMULTI","Flera spelare"
"RM_RMQUICK","Snabblopp"
"RM_RMSINGLE","En spelare"
"RM_RMTITLE","Välj racerlopp"
"RO_ROCANCEL","Återgå till racerloppet"
"RO_ROQUIT","Avsluta racerloppet"
"RO_RORESTART","Starta om racerloppet"
"RO_ROTITLE","Racerloppsalternativ"
"TSTITLE","Välj bana"
"WSTITLE","Välj bil"
"WSTITLE1","Spelare 1: Välj bil"
"WSTITLE2","Spelare 2: Välj bil"
"WSTITLE3","Spelare 3: Välj bil"
"WSTITLE4","Spelare 4: Välj bil"
"WSTNEXT","Next Player..."
